5440,-7896.35139
5440,-7896.371533
5440,-7896.976676
5440,-7897.081605
5443.5,-7896.900819
5443.5,-7896.670962
5443,-7896.115605
5443,-7896.165748
5443,-7898.43589
5444,-7898.435533
5444,-7897.735319
5444,-7897.565319
5444,-7897.390462
5444,-7897.405676
5444,-7897.455605
5444,-7897.910247
5444,-7897.91989
5444,-7898.125462
5444,-7896.460033
5443,-7896.285033
5443,-7896.579605
5443,-7895.299747
5443,-7896.444462
5443,-7896.379819
5443,-7897.669676
5443,-7898.749962
5440.5,-7903.07039
5440.5,-7902.99539
5441,-7902.279962
5441,-7902.20989
5441,-7902.109747
5441,-7902.529462
5438.5,-7902.35939
5438.5,-7902.05939
5438.5,-7901.359533
5440,-7901.359533
5440,-7901.139533
5440,-7901.084676
5440,-7901.034462
5440,-7900.484533
5440,-7900.468105
5440,-7900.04839
5441.5,-7900.658533
5441.5,-7899.853462
5441.5,-7899.483747
5441.5,-7899.618819
5441.5,-7899.468533
5441.5,-7900.088462
5441.5,-7899.863605
5441.5,-7900.42339
5443,-7899.528462
5443,-7898.913247
5443,-7898.678605
5443,-7898.718676
5443,-7899.018819
5443,-7899.053962
5443,-7898.708819
5443,-7898.748962
5443,-7898.75389
5443,-7898.80839
5443,-7898.933676
5443,-7899.234676
5443,-7899.084962
5443,-7899.565105
5443,-7901.536319
5443,-7904.981033
5443,-7905.146748
5443,-7905.66189
5443,-7906.47189
5443,-7906.13239
5435.5,-7907.012533
5435.5,-7907.862748
5435.5,-7907.912319
5434,-7908.712462
5434,-7909.412533
5436,-7908.562748
5435.5,-7908.513033
5435.5,-7907.872676
5435.5,-7907.58789
5435.5,-7907.587676
5435.5,-7907.587676
5435.5,-7906.892748
5435.5,-7907.537176
5435.5,-7907.437176
5437,-7905.297105
5437,-7904.567105
5433,-7909.042533
5433,-7908.817676
5432,-7909.867819
5432,-7909.462748
5431,-7910.867819
5431.5,-7911.957748
5432,-7912.432748
5432,-7913.782676
5432,-7913.412533
5432,-7913.277319
5432,-7913.41739
5432,-7913.412462
5431.5,-7913.402533
5431.5,-7913.477533
5432,-7914.027676
5432,-7914.612176
5432,-7915.087533
5432,-7914.772533
5434,-7913.02239
5434,-7913.337533
5433.5,-7912.887605
5434.5,-7912.437462
5434.5,-7912.337033
5436,-7911.216962
5436,-7911.432176
5433.5,-7911.502105
5433.5,-7911.461962
5433,-7912.361962
5432,-7912.91239
5430.5,-7914.263105
5430.5,-7914.388033
5429,-7915.263105
5428,-7915.088033
5428.5,-7915.013748
5428.5,-7915.389033
5430,-7915.389176
5430,-7916.013962
5428.5,-7918.089176
5427.5,-7920.388962
5427.5,-7921.809105
5427.5,-7921.359605
5428.5,-7921.254248
5427,-7921.039176
5428.5,-7921.17939
5429,-7921.244748
5428,-7924.11539
5426,-7924.29039
5426,-7925.140319
5428,-7924.840176
5429,-7924.490248
5428,-7924.440819
5428,-7924.940676
5428,-7923.890605
5428,-7923.615748
5428,-7923.610748
5428,-7923.595819
5428,-7921.780533
5431,-7921.290248
5431,-7920.885176
5431,-7920.070319
5431,-7922.885748
5431,-7922.985748
5431,-7921.240819
5431,-7920.810819
5431,-7921.715819
5431,-7921.39139
5431,-7921.646319
5431,-7921.521462
5431,-7920.896248
5431.5,-7918.71139
5432,-7917.535962
5433,-7918.181033
5433,-7917.961105
5434,-7917.380819
5434,-7916.096105
5435.5,-7916.766033
5435.5,-7916.36089
5435.5,-7916.46589
5435.5,-7914.49089
5435.5,-7915.096105
5435.5,-7914.53089
5435.5,-7915.01089
5437.5,-7915.251105
5437,-7914.706033
5436.5,-7914.761033
5436.5,-7914.871176
5436.5,-7915.221319
5435,-7915.331819
5435,-7916.441819
5435,-7917.216676
5437,-7917.54639
5437,-7918.371676
5437,-7918.371676
5437,-7918.371676
5437,-7918.371533
5437,-7918.221605
5439,-7915.12639
5439.5,-7915.12639
5440,-7914.761319
5439,-7914.88639
5439,-7916.936676
5438.5,-7915.506676
5440,-7913.57139
5440,-7913.521319
5439.5,-7913.576176
5439.5,-7912.691176
5439.5,-7910.891105
5439.5,-7910.791033
5441,-7908.990748
5441,-7906.95589
5441,-7908.141033
5441,-7908.235533
5440,-7908.240676
5439,-7908.065676
5439,-7908.035676
5439,-7907.485676
5439,-7907.50089
5440,-7908.100533
5440,-7907.755533
5440,-7908.530676
5440,-7909.810533
5440,-7909.775676
5440,-7910.175748
5440,-7909.52089
5441,-7908.240676
5441,-7908.005676
5441,-7907.830533
5441,-7907.830748
5441,-7908.005676
5441,-7908.140605
5441,-7908.140676
5441,-7909.225819
5441,-7909.335748
5441,-7909.33589
5441,-7908.025819
5441,-7908.125676
5441,-7908.070605
5441,-7908.070676
5442.5,-7907.95539
5442.5,-7907.825462
5442.5,-7907.815462
5442.5,-7908.640462
5442.5,-7908.810748
5442.5,-7908.96589
5442.5,-7908.690605
5440.5,-7908.906248
5440.5,-7908.886319
5441.5,-7909.876105
5441.5,-7909.876248
5440.5,-7910.001248
5440,-7910.001462
5440,-7909.486533
5440,-7909.486605
5438,-7909.556748
5438,-7910.531748
5438,-7910.481676
5438,-7910.181748
5438,-7909.826676
5438,-7909.876748
5438,-7910.037033
5438,-7910.036962
5438,-7910.336962
5438,-7910.461962
5438,-7910.46189
5438,-7910.286676
5439.5,-7909.536319
5439.5,-7909.671319
5439,-7909.545962
5439,-7909.67089
5439,-7909.685748
5438.5,-7909.150533
5438.5,-7909.225605
5438.5,-7908.60539
5438.5,-7906.845533
5438.5,-7906.025676
5438.5,-7906.225105
5438.5,-7908.17539
5438.5,-7908.260462
5438.5,-7908.790748
5438.5,-7908.84089
5438.5,-7908.840962
5437.5,-7908.005962
5436.5,-7907.470962
5436.5,-7907.90589
5436,-7907.85589
5437,-7907.280819
5437.5,-7906.890962
5437,-7907.110962
5437,-7907.11089
5437.5,-7906.340748
5437.5,-7905.375748
5437.5,-7904.875748
5437.5,-7904.415748
5437.5,-7904.415676
5438.5,-7904.315748
5438.5,-7902.180605
5438.5,-7902.360676
5439.5,-7901.940676
5439.5,-7901.990605
5439.5,-7901.940676
5439.5,-7901.935533
5439.5,-7901.935462
5439.5,-7902.185462
5441,-7901.720319
5441,-7901.355176
5440.5,-7901.28039
5441,-7901.43539
5440,-7901.830533
5439,-7902.735605
5439,-7902.685605
5438,-7903.510605
5438,-7903.560533
5439,-7903.275533
5439,-7902.865462
5439,-7902.74039
5439,-7902.775319
5439,-7902.65039
5439,-7902.280248
5439,-7902.990248
5439,-7901.620319
5439,-7901.620248
5439,-7901.720248
5441,-7901.720176
5441,-7901.335176
5441,-7901.160105
5441,-7901.255176
5442,-7901.159962
5442,-7901.109962
5442,-7901.259819
5442,-7901.30989
5442,-7901.230105
5442,-7901.085176
5442,-7901.135033
5442,-7900.960105
5442,-7901.705033
5442,-7901.34489
5442,-7903.190033
5442,-7902.819962
5442,-7902.44989
5442,-7903.044962
5442,-7903.044962
5442,-7902.994962
5442,-7902.985105
5442,-7901.745105
5440.5,-7901.310176
5439,-7901.64039
5439,-7901.010605
5439,-7901.530676
5438.5,-7900.535748
5437,-7900.435819
5437,-7899.680819
5437.5,-7899.89089
5437.5,-7900.171248
5437.5,-7899.371605
5437,-7898.486819
5437,-7897.211748
5438.5,-7896.146605
5438.5,-7895.756533
5438.5,-7895.671462
5439,-7894.380748
5441,-7889.585533
5440.5,-7890.475462
5439.5,-7891.365462
5439.5,-7890.190533
5439.5,-7891.725533
5438,-7890.515819
5437.5,-7891.665962
5437.5,-7891.990962
5438,-7892.116748
5436,-7892.542033
5436,-7892.991605
5436,-7894.491605
5436,-7895.116748
5436,-7895.51189
5436,-7894.176605
5436,-7893.651533
5436,-7893.796176
5436,-7894.446105
5436,-7894.220962
5439.5,-7894.55089
5439.5,-7895.216676
5439.5,-7897.19189
5439.5,-7897.591819
5439,-7896.767176
5439,-7896.617248
5439,-7896.367248
5438,-7896.392319
5438,-7896.367248
5440,-7896.417248
5440,-7896.917533
5440,-7896.817533
5440,-7896.093248
5440,-7896.118676
5441,-7896.119033
5441.5,-7896.219319
5441.5,-7894.808676
5440.5,-7894.819033
5441,-7893.843605
5441.5,-7893.938819
5441.5,-7893.118891
5441.5,-7892.663819
5445,-7891.423105
5443.5,-7891.303248
5442.5,-7892.103533
5442,-7893.168391
5442,-7893.168391
5442,-7893.168891
5443,-7892.094176
5443,-7892.693891
5443,-7892.518891
5443,-7892.473819
5445,-7889.648748
5445,-7890.008748
5445.5,-7889.873676
5445.5,-7889.794319
5445.5,-7891.618891
5445.5,-7892.643748
5444,-7892.483962
5445,-7892.583605
5446.5,-7891.027676
5446.5,-7891.102748
5446.5,-7890.07239
5446.5,-7890.532676
5448.5,-7888.652962
5447,-7888.653105
5447,-7890.378033
5447.5,-7889.522819
5447.5,-7889.417891
5446.5,-7889.172962
5446.5,-7888.672748
5446.5,-7888.447748
5446.5,-7889.397891
5446.5,-7890.593176
5446.5,-7890.743248
5447,-7890.118033
5447.5,-7887.077748
5446,-7887.122819
5443,-7888.108462
5443,-7888.313462
5443.5,-7885.278462
5443.5,-7885.113391
5443.5,-7884.163105
5443.5,-7884.929033
5443.5,-7884.789319
5443.5,-7884.499462
5443.5,-7880.794319
5443.5,-7880.384891
5443.5,-7878.879533
5443.5,-7879.074819
5443.5,-7878.759605
5443.5,-7878.759533
5443.5,-7878.799891
5443.5,-7879.199962
5443.5,-7879.204748
5443.5,-7877.424962
5443.5,-7877.930176
5443.5,-7877.245248
5449,-7875.184319
5449.5,-7874.319462
5449.5,-7874.269391
5449.5,-7874.324391
5448,-7874.019462
5448,-7873.754391
5448,-7873.033891
5448,-7872.903891
5448,-7873.223962
5448,-7873.218962
5448,-7874.059105
5448,-7874.774248
5448,-7875.559533
5448,-7873.874248
5448,-7872.064533
5448,-7871.289533
5448,-7870.724605
5448,-7871.644748
5448,-7873.454819
5447,-7871.490248
5446.5,-7871.609962
5448,-7871.409462
5448,-7872.644748
5448,-7874.469748
5446,-7878.060033
5444,-7879.539891
5443.5,-7879.844962
5444,-7879.764676
5444,-7879.819676
5444,-7879.805033
5444,-7879.389605
5444,-7878.619819
5444,-7878.629819
5444,-7878.934819
5447,-7878.784676
5447,-7879.429962
5447,-7880.165105
5447,-7880.250105
5447,-7880.905391
5447,-7882.495819
5444,-7880.390248
5444.5,-7880.795533
5444.5,-7880.395248
5444.5,-7880.330105
5444.5,-7880.200033
5444.5,-7880.190033
5444.5,-7879.719748
5444.5,-7878.560033
5444.5,-7879.220319
5444.5,-7879.970176
5444,-7879.310248
5444,-7878.745319
5444,-7878.919891
5444,-7878.994891
5444,-7878.994819
5444,-7878.994819
5444,-7879.069676
5444,-7878.735105
5444,-7879.319819
5444,-7878.584676
5444,-7878.769605
5444,-7879.719676
5444,-7880.520105
5444,-7882.155176
5444,-7882.845105
5444,-7882.945248
5445.5,-7882.944819
5445.5,-7883.364962
5447,-7878.804676
5447,-7879.039819
5447,-7878.989748
5447.5,-7877.424676
5447.5,-7878.024891
5447.5,-7883.160033
5448,-7884.019319
5448,-7882.613819
5448,-7884.249033
5448,-7883.459105
5448,-7884.619891
5446.5,-7884.349891
5445.5,-7884.659962
5445.5,-7883.319748
5445,-7884.019676
5445,-7884.144748
5444.5,-7884.794819
5444.5,-7884.419819
5442.5,-7884.294748
5443,-7884.614891
5443.5,-7888.689819
5443.5,-7889.289962
5443.5,-7889.719891
5443.5,-7888.739891
5446,-7886.514533
5445.5,-7885.409462
5445.5,-7885.054533
5446,-7885.119319
5446,-7885.084105
5446,-7885.009105
5445.5,-7885.149248
5445.5,-7887.769533
5445.5,-7886.394605
5445.5,-7886.009391
5445.5,-7887.144391
5445.5,-7886.204391
5445.5,-7887.144605
5443.5,-7887.649605
5443.5,-7888.069962
5443.5,-7888.119891
5443.5,-7887.844819
5443.5,-7887.154748
5443.5,-7886.654891
5443.5,-7886.379891
5443.5,-7885.510462
5443.5,-7885.100748
5443.5,-7884.865462
5443.5,-7886.145962
5443.5,-7886.546105
5443.5,-7886.211033
5442.5,-7885.625676
5443,-7884.285748
5443,-7884.120748
5443,-7884.070962
5443,-7884.600748
5443,-7884.550748
5443,-7883.725676
5443,-7883.725605
5443,-7883.225391
5443,-7882.215462
5443,-7882.230676
5443,-7882.130676
5443,-7882.830462
5443,-7882.930462
5443,-7883.505533
5443,-7882.895676
5443,-7883.020819
5443,-7883.001176
5443,-7883.001033
5441.5,-7883.001033
5441.5,-7883.001105
5442.5,-7883.001105
5444,-7882.500891
5443.5,-7882.526033
5443.5,-7882.526033
5443.5,-7882.776176
5443.5,-7882.500962
5443.5,-7881.850748
5443.5,-7882.400748
5443.5,-7882.350819
5443.5,-7882.461033
5443.5,-7882.271176
5443.5,-7883.361176
5441,-7883.276176
5441,-7883.480962
5440,-7884.496176
5441,-7883.066105
5441,-7883.306248
5439.5,-7882.991533
5439.5,-7882.341533
5440.5,-7883.822176
5440.5,-7884.372248
5440.5,-7885.222605
5440.5,-7885.222462
5440,-7885.222391
5439.5,-7885.222676
5439.5,-7885.273033
5438.5,-7887.048248
5441,-7886.357676
5441,-7886.372962
5441,-7886.548176
5441,-7886.598176
5441,-7885.158248
5441,-7884.993105
5441,-7885.243176
5441,-7885.808319
5441,-7885.948319
5441,-7885.823319
5438,-7885.823819
5437.5,-7885.799248
5439,-7885.549033
5439,-7885.775391
5439,-7886.000605
5438,-7885.920105
5437.5,-7886.145034
5436.5,-7886.874962
5436.5,-7886.790105
5437,-7885.014676
5436.5,-7885.289962
5436.5,-7885.045034
5436,-7884.425176
5435.5,-7884.650248
5437,-7884.584962
5438,-7882.804391
5438,-7882.344676
5438,-7883.044748
5437.5,-7885.774891
5437.5,-7886.180034
5437.5,-7888.140748
5434,-7888.135748
5434,-7888.416034
5432,-7889.801176
5432.5,-7890.201605
5430.5,-7890.621534
5432.5,-7888.520819
5430,-7895.521176
5431,-7895.330891
5432.5,-7895.165962
5432.5,-7893.836034
5432.5,-7893.786105
5432.5,-7893.530748
5432.5,-7894.066105
5432.5,-7893.991105
5432.5,-7894.030962
5434,-7893.565819
5434,-7893.565676
5434,-7894.236034
5434,-7894.210962
5434,-7895.965676
5434,-7895.915391
5434,-7895.950891
5434,-7895.950819
5434,-7896.050748
5434,-7895.880676
5434,-7895.765534
5431,-7895.750534
5431,-7895.750462
5431.5,-7895.700676
5431.5,-7895.700605
5431.5,-7895.700534
5431.5,-7893.865534
5431.5,-7893.995605
5432.5,-7893.785319
5433,-7894.150534
5433,-7896.120605
5432.5,-7896.190391
5430.5,-7897.715676
5430.5,-7898.015748
5431,-7899.045891
5429.5,-7900.021176
5431.5,-7899.845962
5431.5,-7899.635605
5431,-7899.245891
5430.5,-7899.025748
5432,-7898.055748
5432.5,-7898.000462
5432.5,-7896.690534
5432.5,-7896.690319
5432.5,-7896.900034
5432.5,-7896.945105
5432.5,-7896.965176
5432.5,-7897.855319
5432.5,-7897.580248
5432.5,-7897.575391
5432.5,-7899.050462
5432.5,-7901.075462
5429.5,-7902.795676
5428.5,-7904.375605
5430,-7903.865391
5429.5,-7901.625391
5429.5,-7900.920462
5429.5,-7900.840676
5428,-7901.750748
5429,-7901.925462
5428,-7901.770748
5428,-7902.090748
5428,-7901.860748
5430.5,-7901.645534
5432.5,-7897.410105
5432.5,-7896.965034
5433,-7895.170176
5432.5,-7894.704819
5432.5,-7895.270034
5432.5,-7895.119891
5432.5,-7894.344748
5433,-7895.164748
5433,-7895.214605
5433,-7896.824605
5433,-7897.614605
5433,-7897.644533
5433,-7897.339462
5433,-7897.164391
5433,-7897.028891
5433,-7897.834391
5430,-7898.914748
5429.5,-7899.229891
5429.5,-7899.325176
5429.5,-7899.950105
5429.5,-7899.875034
5429,-7901.475248
5428,-7902.600391
5428,-7902.800462
5426,-7905.535748
5427.5,-7903.790676
5427.5,-7905.865891
5427.5,-7903.900891
5427.5,-7904.285962
5427.5,-7903.880962
5427.5,-7901.726248
5428.5,-7901.300748
5428.5,-7901.300891
5428.5,-7901.350891
5428.5,-7901.450891
5428.5,-7901.500748
5428.5,-7901.225748
5428.5,-7901.225676
5428.5,-7901.600748
5428.5,-7901.550819
5428.5,-7901.200819
5428.5,-7901.550676
5430,-7901.600391
5430.5,-7900.800319
5430,-7900.950248
5430.5,-7901.700676
5431.5,-7901.700676
5431.5,-7901.700534
5431.5,-7901.900605
5431.5,-7902.075462
5431.5,-7901.950319
5431.5,-7901.900248
5432.5,-7899.115605
5434.5,-7896.650248
5434.5,-7895.350105
5434.5,-7895.349962
5432.5,-7893.525248
5432.5,-7893.525248
5432.5,-7893.650319
5432,-7899.980605
5432,-7899.755534
5432,-7899.630319
5432,-7898.360319
5432,-7898.470462
5432,-7898.470462
5432,-7898.770462
5432,-7898.330462
5432,-7898.160462
5432,-7897.990391
5432,-7897.715391
5432,-7899.000534
5432,-7899.075462
5432,-7898.765534
5432,-7899.965605
5432,-7900.075391
5432,-7900.065462
5432,-7900.150462
5432,-7901.245462
5429.5,-7901.220605
5430,-7901.035605
5430.5,-7899.935462
5430.5,-7899.520462
5430.5,-7899.350462
5430.5,-7899.490391
5430.5,-7900.690676
5430.5,-7901.010891
5430.5,-7902.175891
5430.5,-7902.181034
5430.5,-7902.181034
5430.5,-7902.356676
5430.5,-7902.566534
5430.5,-7903.676176
5430,-7903.946176
5430,-7902.846391
5430,-7904.186176
5429.5,-7906.461105
5429.5,-7906.476034
5428,-7906.626176
5427.5,-7906.741105
5427.5,-7906.875891
5427.5,-7906.625891
5427.5,-7906.565891
5430,-7906.020819
5430,-7906.760819
5429.5,-7906.931176
5429,-7907.666176
5429,-7907.611248
5429,-7907.661105
5429,-7907.825962
5429,-7907.750962
5429,-7907.410462
5429,-7907.530462
5429.5,-7908.000819
5429.5,-7907.580962
5429.5,-7907.536105
5429.5,-7907.676105
5429.5,-7907.496105
5429.5,-7907.756034
5429.5,-7908.001034
5429.5,-7907.956034
5429.5,-7907.905962
5429.5,-7908.161034
5429.5,-7910.586105
5429.5,-7909.230962
5429.5,-7908.996105
5429.5,-7909.150819
5429.5,-7909.200962
5429.5,-7909.076176
5429.5,-7909.196176
5429.5,-7909.676105
5429.5,-7909.751105
5429.5,-7909.721034
5429.5,-7909.050891
5429.5,-7909.290605
5429.5,-7909.335748
5429.5,-7909.350819
5426.5,-7909.901176
5426.5,-7909.926034
5427,-7909.745891
5427,-7909.745891
5429,-7909.525748
5428.5,-7909.530605
5428,-7911.900605
5428,-7912.000676
5428,-7910.680676
5429,-7910.890534
5428,-7912.100748
5428,-7912.050676
5429,-7909.360248
5428.5,-7907.690391
5428.5,-7907.289962
5428.5,-7908.114748
5428.5,-7908.334748
5431,-7908.384319
5430.5,-7909.749748
5430.5,-7910.249676
5429,-7910.259891
5429,-7910.825034
5427.5,-7911.025248
5428,-7911.075176
5428,-7911.255176
5428,-7909.629819
5428,-7908.494748
5428,-7908.034748
5428,-7908.149676
5428,-7908.174748
5428,-7908.649962
5430,-7907.929748
5430,-7906.694891
5430,-7907.275034
5430,-7906.699891
5430,-7906.899891
5431,-7906.950034
5431,-7907.350105
5432,-7906.449248
5432.5,-7906.948962
5432.5,-7906.979105
5432.5,-7906.649105
5432.5,-7906.674176
5433,-7906.398819
5433.5,-7905.233819
5433.5,-7904.513533
5433.5,-7904.563533
5431.5,-7905.013819
5431,-7906.454105
5431,-7906.819176
5431,-7906.914105
5431,-7907.094105
5429,-7907.709176
5430,-7907.379462
5430,-7908.554391
5430,-7907.503962
5430,-7908.294105
5428.5,-7910.794105
5428.5,-7911.174248
5427.5,-7909.893962
5427.5,-7909.094105
5428.5,-7908.489033
5428.5,-7906.809033
5431.5,-7905.598748
5431.5,-7903.598605
5431.5,-7903.268319
5431.5,-7902.578248
5433,-7899.577605
5433,-7899.262748
5433.5,-7899.083105
5435,-7900.653176
5434.5,-7900.267605
5434.5,-7899.517533
5434.5,-7900.117748
5435.5,-7898.727605
5434.5,-7899.352533
5434.5,-7899.352605
5434.5,-7898.802391
5434.5,-7899.497533
5434.5,-7898.437462
5435.5,-7897.912391
5436.5,-7895.212248
5437,-7891.617176
5438,-7892.047105
5437,-7890.222462
5437,-7890.057105
5437,-7889.862176
5436,-7889.662391
5435,-7888.222248
5435,-7889.047605
5435,-7889.007676
5435,-7888.722605
5436,-7885.862319
5436,-7885.822319
5436,-7884.362462
5436,-7882.652462
5436,-7881.702533
5438.5,-7883.182605
5438.5,-7882.307391
5438.5,-7882.482391
5439,-7883.162319
5439,-7883.347391
5436.5,-7884.547462
5436.5,-7884.352533
5437,-7883.087248
5437,-7884.772462
5436,-7883.217605
5435.5,-7882.287748
5435.5,-7882.157748
5435,-7882.242819
5435,-7881.137605
5435,-7881.442391
5435,-7881.067391
5435,-7880.662462
5435,-7880.162391
5435,-7880.687462
5435,-7882.187533
5436,-7881.927319
5434,-7882.872676
5434.5,-7881.757676
5434.5,-7882.182248
5435.5,-7883.171533
5435.5,-7882.891033
5435.5,-7883.221176
5435.5,-7883.421248
5435.5,-7883.481391
5435.5,-7883.511105
5435.5,-7883.685962
5435.5,-7883.966105
5436.5,-7884.041105
5437,-7883.156105
5436.5,-7883.255962
5437.5,-7882.055891
5437.5,-7881.225891
5437.5,-7880.040391
5437.5,-7880.855748
5437.5,-7880.260391
5436,-7880.360105
5436,-7879.699819
5436,-7877.419605
5436,-7877.624819
5436,-7878.395533
5436,-7879.420391
5436,-7878.845391
5436,-7880.061176
5436,-7880.086105
5433.5,-7880.981462
5433.5,-7881.116248
5433.5,-7881.136033
5435.5,-7881.356319
5436,-7881.606105
5434.5,-7881.681105
5434.5,-7881.131319
5436,-7881.805391
5436,-7884.670391
5436,-7885.085176
5433,-7888.590676
5435,-7886.885676
5435,-7888.776319
5433.5,-7889.686391
5433.5,-7887.826819
5434.5,-7888.167033
5434.5,-7888.037533
5434,-7889.017391
5433.5,-7888.722391
5435.5,-7886.917033
5435,-7886.602105
5436.5,-7885.962105
5436.5,-7884.951891
5438,-7884.876748
5438,-7887.426676
5438.5,-7887.626462
5438.5,-7886.011462
5440,-7885.336533
5440.5,-7885.311391
5442.5,-7883.661033
5441,-7882.821462
5441,-7882.631748
5441,-7882.776533
5441,-7883.076462
5441,-7883.201748
5441,-7883.277176
5441,-7883.482605
5441,-7884.412676
5441.5,-7883.992819
5441.5,-7884.198033
5441,-7884.958319
5441.5,-7884.333033
5442,-7884.377891
5442,-7884.083105
5441.5,-7883.883105
5441.5,-7884.517962
5441.5,-7885.283033
5442,-7885.282962
5442,-7885.882891
5441.5,-7886.023248
5441.5,-7886.183391
5441.5,-7887.918248
5442,-7885.228176
5442,-7884.952962
5441.5,-7884.082962
5442,-7884.487891
5442,-7883.962819
5442,-7883.172676
5441.5,-7883.022819
5441.5,-7885.048105
5439.5,-7884.872962
5440,-7884.558033
5439.5,-7885.248391
5439.5,-7886.148462
5439,-7886.298462
5439,-7886.873319
5440.5,-7887.423105
5440.5,-7888.198105
5439.5,-7887.373105
5437.5,-7887.373033
5437,-7890.298462
5437,-7892.188676
5438,-7893.073105
5440,-7889.997748
5440,-7891.172819
5440,-7889.047676
5440,-7890.022533
5439.5,-7890.422891
5439.5,-7890.372676
5440.5,-7890.432748
5440.5,-7891.487605
5441,-7892.146891
5441.5,-7890.696748
5442,-7887.546605
5441,-7888.491605
5441,-7888.616533
5441,-7888.351605
5440.5,-7890.816819
5439,-7891.301891
5440.5,-7890.291676
5438.5,-7891.061676
5438.5,-7890.721891
5441,-7888.606605
5441,-7888.756605
5441,-7888.831891
5442,-7888.706676
5442,-7889.076605
5442,-7889.146676
5442,-7890.501533
5442,-7890.041676
5442,-7890.421605
5441,-7890.536748
5441,-7890.981748
5441,-7891.296891
5441,-7893.747033
5441,-7893.347033
5441,-7893.171533
5441,-7891.561391
5441,-7891.051319
5441,-7891.146319
5441,-7892.886676
5441,-7892.321819
5443,-7890.541533
5443,-7890.266605
5443,-7890.491819
5443,-7891.016891
5443,-7893.172105
5442,-7894.042033
5442,-7893.542462
5442,-7892.427605
5442,-7895.297748
5442,-7895.897605
5443.5,-7897.147391
5442.5,-7895.797462
5443,-7894.387533
5443,-7894.872819
5441.5,-7895.072962
5441.5,-7894.948176
5441.5,-7895.977962
5441.5,-7896.237819
5441.5,-7896.747819
5441.5,-7895.982748
5441.5,-7895.838033
5441.5,-7896.322676
5441.5,-7896.096891
5441.5,-7897.346748
5441.5,-7896.806533
5441.5,-7896.536462
5442.5,-7894.561319
5442.5,-7894.321248
5442.5,-7893.561319
5442.5,-7895.071462
5442.5,-7894.296462
5442.5,-7894.851319
5442.5,-7895.411319
5442.5,-7895.336391
5442.5,-7895.286176
5442.5,-7894.926248
5442.5,-7894.271176
5442.5,-7893.820819
5443.5,-7895.920748
5443.5,-7895.231033
5443.5,-7894.870533
5443.5,-7893.880462
5443.5,-7892.920462
5443.5,-7894.070891
5443.5,-7894.270391
5444,-7892.360391
5444,-7892.970533
5444,-7893.070533
5444,-7893.220676
5442.5,-7894.371033
5442.5,-7894.920891
5441,-7894.970962
5442.5,-7894.670891
5442.5,-7895.445891
5442.5,-7895.545891
5442.5,-7895.995891
5443,-7895.316033
5443,-7894.065676
5443,-7895.590962
5443,-7895.640748
5443,-7898.676033
5443,-7898.271033
5443,-7898.230962
5443,-7898.370748
5443,-7899.395748
5442,-7900.695676
5442,-7899.229962
5442,-7899.304819
5442,-7899.494533
5442,-7898.774319
5443.5,-7901.249819
5443.5,-7901.329819
5443.5,-7902.584891
5444.5,-7902.999819
5444.5,-7901.954819
5444.5,-7901.954819
5444.5,-7902.324819
5444.5,-7902.474533
5444.5,-7902.364891
5444.5,-7903.244533
5444.5,-7902.554891
5444.5,-7901.789748
5444.5,-7901.859533
5444.5,-7902.239391
5444.5,-7902.339319
5444.5,-7901.834319
5444.5,-7902.494891
5444.5,-7902.464748
5444.5,-7903.264891
5444,-7905.095676
5444,-7908.245176
5444,-7907.625033
5444,-7907.640105
5444,-7907.284319
5444,-7907.539176
5444.5,-7907.473748
5444.5,-7907.579248
5443,-7909.019391
5443,-7909.869462
5443,-7909.919462
5443,-7908.504533
5443,-7908.234391
5443,-7908.184462
5443,-7907.199605
5443,-7906.019676
5445.5,-7904.119676
5445.5,-7904.059676
5444,-7903.129391
5443.5,-7904.019533
5443.5,-7904.194962
5443.5,-7904.720462
5443.5,-7904.110819
5444,-7902.435391
5443.5,-7902.825676
5443.5,-7902.985605
5443.5,-7900.555891
5443.5,-7902.845962
5443.5,-7902.845962
5443,-7903.761248
5445,-7901.575891
5445,-7901.370891
5443.5,-7901.370676
5443.5,-7900.871605
5443.5,-7900.221391
5443.5,-7902.471105
5443.5,-7901.395605
5442.5,-7900.835248
5442,-7901.385819
5442,-7901.695676
5441.5,-7899.485391
5441.5,-7899.790391
5441.5,-7899.180891
5441.5,-7899.160891
5442.5,-7898.770891
5444,-7898.105748
5443.5,-7900.021105
5443.5,-7900.721319
5443.5,-7900.241391
5443.5,-7900.491748
5443.5,-7900.446533
5443,-7899.581533
5443.5,-7899.921533
5443.5,-7899.521676
5443.5,-7899.396462
5444,-7897.211676
5444,-7897.946962
5444,-7897.547105
5444,-7897.697248
5444,-7897.697391
5444,-7899.072319
5444,-7898.872533
5444,-7899.022676
5444,-7899.147462
5444,-7899.147676
5444,-7899.148033
5445,-7898.048248
5445,-7897.329533
5444.5,-7897.369891
5444.5,-7897.440034
5444,-7896.840676
5443.5,-7896.925462
5444,-7895.820105
5444,-7896.999819
5445.5,-7896.544391
5446.5,-7896.159105
5446.5,-7896.204319
5446.5,-7896.863891
5445.5,-7897.573891
5445.5,-7898.233248
5445.5,-7899.273319
5446,-7899.348176
5447.5,-7898.698105
5447.5,-7899.023176
5447.5,-7898.248105
5446.5,-7898.673176
5447,-7899.048891
5445.5,-7901.783676
5445.5,-7902.173819
5444,-7902.719033
5445,-7902.819176
5445,-7901.388962
5445,-7899.793748
5445,-7901.093748
5442.5,-7902.934176
5442.5,-7902.014033
5442,-7903.314533
5442,-7903.209176
5443.5,-7902.313176
5444.5,-7902.513105
5445.5,-7902.022676
5445.5,-7902.022748
5445,-7902.523248
5445,-7902.673176
5445,-7903.223533
5445,-7902.838033
5445,-7902.623176
5445,-7902.673033
5445,-7902.672819
5445,-7905.173248
5445,-7905.372676
5445.5,-7904.087391
5445.5,-7904.497176
5445.5,-7904.297391
5445.5,-7904.397176
5445.5,-7904.897319
5445.5,-7904.897033
5445.5,-7904.997391
5445.5,-7904.626891
5445.5,-7905.821676
5446.5,-7905.946605
5446.5,-7904.526605
5446.5,-7905.171391
5446.5,-7904.721819
5446.5,-7904.771248
5446.5,-7904.771391
5446.5,-7904.771605
5446.5,-7904.771819
5446.5,-7904.896391
5446.5,-7903.721319
5446.5,-7903.671176
5446.5,-7905.821391
5446.5,-7905.596391
5446.5,-7906.671319
5446.5,-7906.871462
5444,-7906.270962
5444,-7905.995748
5444,-7906.345605
5444,-7906.620676
5444,-7907.445819
5444,-7908.721033
5445,-7908.820891
5445,-7909.595891
5445,-7909.421105
5445,-7908.971605
5444.5,-7911.021748
5444.5,-7910.221533
5444.5,-7909.101819
5444.5,-7905.896533
5443.5,-7906.476962
5444,-7906.272176
5444,-7906.011891
5444,-7906.561962
5444,-7906.191391
5444,-7905.141176
5446,-7905.091033
5446,-7904.565962
5446,-7904.665891
5446,-7904.500676
5446,-7903.990391
5446,-7903.940319
5446,-7903.940105
5446,-7905.554962
5446,-7905.914962
5446,-7905.670319
5446,-7907.420105
5446,-7907.465248
5444.5,-7908.480391
5444.5,-7908.204891
5443,-7907.680105
5443,-7907.005176
5443,-7906.835462
5443,-7906.155391
5443,-7906.325248
5443,-7906.375248
5443,-7904.305105
5443,-7899.700176
5443,-7900.885248
5443,-7899.595105
5443,-7899.945176
5443,-7899.410176
5443,-7897.995105
5443,-7899.879819
5443,-7899.835248
5443,-7899.790748
5443,-7899.915819
5443,-7900.431033
5443,-7901.115962
5443,-7901.115748
5443,-7900.730462
5443,-7904.410819
5443,-7904.895962
5443,-7904.946033
5443,-7905.271391
5443,-7905.171391
5443,-7904.456462
5443,-7903.956319
5443,-7906.971391
5443,-7907.221462
5443,-7907.096533
5443,-7907.746462
5443,-7907.506248
5443,-7906.621319
5443,-7906.366033
5443,-7907.671033
5443,-7907.795962
5443,-7907.766033
5443,-7908.200891
5443,-7908.986248
5443,-7909.421033
5443,-7910.501033
5443,-7910.060962
5443,-7910.696105
5443,-7910.796462
5443,-7908.121105
5443,-7907.556033
5443,-7907.701105
5443,-7907.736391
5443,-7908.111605
5443,-7908.146319
5443,-7907.991605
5443,-7907.411605
5443,-7907.246391
5443,-7907.381462
5443,-7907.426462
5447.5,-7907.351462
5447,-7904.320962
5447,-7904.896391
5447,-7904.497105
5447,-7904.722319
5447,-7904.522105
5447,-7905.497176
5447,-7905.322462
5447,-7905.222462
5447,-7904.997176
5448.5,-7904.972319
5448.5,-7904.422391
5448.5,-7904.422248
5448.5,-7904.472462
5448,-7904.546962
5448,-7904.146891
5453.5,-7904.346748
5452,-7905.147033
5453,-7904.946962
5453,-7904.822105
5453.5,-7903.947248
5453.5,-7903.797105
5453.5,-7903.797176
5456,-7901.996533
5456.5,-7901.921748
5455,-7901.821605
5456.5,-7901.396533
5455.5,-7901.921462
5455.5,-7902.771748
5455,-7901.396748
5456,-7899.946462
5456.5,-7897.041248
5456,-7896.986176
5457.5,-7895.351033
5457,-7894.491319
5456,-7894.996533
5456,-7894.446248
5456,-7893.246105
5456,-7891.830748
5456,-7888.780962
5456,-7889.910462
5456,-7888.200748
5455,-7890.661033
5455,-7890.255891
5455,-7889.655676
5455,-7889.306105
5455,-7888.750962
5456.5,-7888.165891
5457,-7889.095676
5457,-7889.465462
5458,-7889.165676
5459,-7887.995676
5459,-7888.045391
5459,-7889.160605
5459,-7890.645391
5459,-7893.924462
5457.5,-7892.868962
5457.5,-7892.777962
5457.5,-7890.073319
5457.5,-7891.543319
5457.5,-7891.543033
5458,-7890.717748
5457.5,-7891.203462
5457.5,-7891.333819
5457.5,-7894.469033
5455.5,-7893.994319
5454.5,-7892.144391
5456,-7891.344248
5457,-7890.854462
5456.5,-7889.294462
5456.5,-7889.269533
5456.5,-7889.219605
5456.5,-7889.879676
5456.5,-7889.164533
5456.5,-7889.069248
5456.5,-7888.969391
5457,-7887.869319
5457,-7887.619105
5457,-7887.544105
5457,-7885.134176
5457,-7886.218676
5457,-7886.093319
5457,-7887.778248
5457,-7887.913391
5459,-7888.153462
5459,-7888.013748
5459,-7888.118391
5459,-7886.943462
5459,-7884.538319
5458,-7883.758319
5458,-7883.128391
5458,-7882.308248
5458,-7881.808391
5458,-7882.308676
5458,-7882.308533
5457,-7880.943819
5457,-7882.703462
5458,-7882.232605
5457.5,-7883.517819
5458,-7881.972819
5458.5,-7882.242748
5458.5,-7881.447819
5458.5,-7880.837462
5457.5,-7880.842462
5458,-7881.082533
5458,-7878.87189
5458,-7877.416819
5458,-7877.39689
5459.5,-7876.861962
5460.5,-7875.296962
5460.5,-7873.311605
5461.5,-7873.021533
5462,-7873.765676
5460.5,-7871.441105
5461,-7870.565962
5461,-7870.780748
5460.5,-7870.781033
5460.5,-7870.626033
5459,-7870.931462
5459,-7870.431248
5459,-7870.04139
5460.5,-7867.091319
5459.5,-7867.71639
5459.5,-7867.666319
5459,-7871.686819
5458.5,-7874.141033
5456.5,-7875.341248
5457,-7875.966248
5458,-7873.291248
5458,-7873.216248
5458.5,-7873.341319
5458.5,-7872.39139
5458.5,-7870.091462
5458.5,-7869.740962
5459,-7869.916462
5459,-7870.316462
5458.5,-7871.066319
5458.5,-7871.84089
5458,-7871.666105
5458,-7871.69089
5458,-7872.341248
5458,-7872.766319
5458,-7872.91639
5458,-7875.666462
5458,-7875.516176
5459,-7872.740676
5460,-7872.491033
5463.5,-7871.341105
5464,-7871.950748
5465.5,-7871.855462
5465,-7872.150533
5466.5,-7869.07539
5467.5,-7869.15539
5467.5,-7868.115033
5467,-7867.199962
5467.5,-7865.75989
5469,-7866.589962
5467.5,-7869.490319
5466.5,-7869.385176
5466.5,-7870.445462
5467,-7870.815962
5465,-7871.615605
5465,-7871.835605
5465,-7871.915676
5465.5,-7872.720819
5464,-7872.940533
5465,-7870.945176
5465,-7871.320676
5466,-7869.345605
5465,-7869.160462
5465,-7868.195748
5465,-7865.605605
5465.5,-7865.340676
5466.5,-7864.510676
5467,-7866.190605
5467,-7865.755533
5466.5,-7864.890176
5467.5,-7863.715533
5466,-7863.565533
5466,-7864.515748
5466,-7865.550533
5466,-7865.51039
5466,-7865.340105
5467.5,-7865.379962
